[
  {
    "function": "minecraft:set_name",
    "name": {
      "text": "Getsuga Tenshou",
      "color": "dark_blue",
      "bold": true
    }
  },
  {
    "function": "minecraft:set_lore",
    "lore": [
      {
        "text": "A legendary blade that channels",
        "color": "gray",
        "italic": true
      },
      {
        "text": "spiritual energy into devastating",
        "color": "gray",
        "italic": true
      },
      {
        "text": "horizontal strikes.",
        "color": "gray",
        "italic": true
      },
      {
        "text": "",
        "color": "gray"
      },
      {
        "text": "Right-click to unleash Getsuga Tenshou!",
        "color": "aqua",
        "italic": false
      }
    ]
  },
  {
    "function": "minecraft:set_attributes",
    "modifiers": [
      {
        "type": "minecraft:generic.attack_damage",
        "amount": 12.0,
        "operation": "add_value",
        "slot": "mainhand"
      },
      {
        "type": "minecraft:generic.attack_speed",
        "amount": -2.0,
        "operation": "add_value",
        "slot": "mainhand"
      }
    ]
  },
  {
    "function": "minecraft:set_enchantments",
    "enchantments": {
      "minecraft:sharpness": 3,
      "minecraft:unbreaking": 2
    }
  },
  {
    "function": "minecraft:set_custom_data",
    "tag": {
      "getsuga_sword": true,
      "cooldown": 0
    }
  }
]